epoch,lr-AdamW,step,train_loss_epoch,train_loss_step,train_r2_epoch,train_r2_step,train_rmse_epoch,train_rmse_step,val_loss,val_r2,val_rmse
,0.001,0,,,,,,,,,
0,,9,,683.951416015625,,-7.738381385803223,,25.825584411621094,,,
0,,19,,746.0691528320312,,-9.214954376220703,,27.042842864990234,,,
0,,29,,788.4013061523438,,-7.241806507110596,,27.79985809326172,,,
0,,39,,707.97802734375,,-7.888701915740967,,26.32845115661621,,,
0,,49,,764.0635986328125,,-8.1908597946167,,27.36516761779785,,,
0,,59,,671.5921630859375,,-5.3194427490234375,,25.55905532836914,,,
0,,69,,684.9407348632812,,-8.773093223571777,,25.877216339111328,,,
0,,73,,,,,,,699.4910888671875,-7.198495864868164,26.161304473876953
0,,73,726.0582275390625,,-7.2396135330200195,,26.640914916992188,,,,
,0.001,74,,,,,,,,,
1,,79,,830.696044921875,,-9.916563034057617,,28.526836395263672,,,
1,,89,,664.53173828125,,-6.776423931121826,,25.482952117919922,,,
1,,99,,778.598388671875,,-7.308648109436035,,27.626026153564453,,,
1,,109,,684.3004150390625,,-7.251773834228516,,25.91169548034668,,,
1,,119,,624.8809204101562,,-5.433615684509277,,24.71784210205078,,,
1,,129,,852.0565185546875,,-8.480615615844727,,28.884662628173828,,,
1,,139,,688.3859252929688,,-6.403774738311768,,25.954795837402344,,,
1,,147,,,,,,,653.1343994140625,-6.631475925445557,25.26038360595703
1,,147,696.5155029296875,,-6.892247200012207,,26.085163116455078,,,,
,0.001,148,,,,,,,,,
2,,149,,630.48095703125,,-6.730532646179199,,24.813812255859375,,,
2,,159,,670.4364624023438,,-5.702353477478027,,25.603015899658203,,,
2,,169,,689.2499389648438,,-7.230374813079834,,25.942703247070312,,,
2,,179,,703.1134033203125,,-6.026292324066162,,26.253822326660156,,,
2,,189,,658.8038330078125,,-8.155945777893066,,25.421463012695312,,,
2,,199,,688.7389526367188,,-4.605718612670898,,25.94013786315918,,,
2,,209,,613.7894287109375,,-6.464333534240723,,24.545629501342773,,,
2,,219,,626.266357421875,,-5.986006736755371,,24.78428840637207,,,
2,,221,,,,,,,605.3367309570312,-6.0499677658081055,24.29599380493164
2,,221,655.0313110351562,,-6.390985012054443,,25.281389236450195,,,,
,0.001,222,,,,,,,,,
3,,229,,637.1069946289062,,-5.521112442016602,,24.957958221435547,,,
3,,239,,656.3577880859375,,-6.566599369049072,,25.297439575195312,,,
3,,249,,688.21142578125,,-6.956047534942627,,25.964263916015625,,,
3,,259,,597.591796875,,-7.365811347961426,,24.11443328857422,,,
3,,269,,752.190185546875,,-5.464937210083008,,27.082786560058594,,,
3,,279,,685.8359375,,-5.44561767578125,,25.85232925415039,,,
3,,289,,498.72998046875,,-5.510398864746094,,22.069717407226562,,,
3,,295,,,,,,,574.47998046875,-5.684472560882568,23.658506393432617
3,,295,603.6181030273438,,-5.7717108726501465,,24.244741439819336,,,,
,0.001,296,,,,,,,,,
4,,299,,465.85601806640625,,-4.212149143218994,,21.325429916381836,,,
4,,309,,514.0004272460938,,-4.234958171844482,,22.359153747558594,,,
4,,319,,598.8790283203125,,-5.674384117126465,,24.141265869140625,,,
4,,329,,572.3299560546875,,-4.970181465148926,,23.615245819091797,,,
4,,339,,561.9432983398438,,-6.539525985717773,,23.408222198486328,,,
4,,349,,457.22344970703125,,-5.223896026611328,,21.093666076660156,,,
4,,359,,537.6309204101562,,-5.372358322143555,,22.839099884033203,,,
4,,369,,601.6361083984375,,-4.59367561340332,,24.188922882080078,,,
4,,369,,,,,,,489.40106201171875,-4.657046318054199,21.79176139831543
4,,369,540.89306640625,,-5.045434474945068,,22.915935516357422,,,,
,0.001,370,,,,,,,,,
5,,379,,542.0643310546875,,-5.1927995681762695,,22.891658782958984,,,
5,,389,,456.8631896972656,,-3.7928574085235596,,21.037269592285156,,,
5,,399,,466.86102294921875,,-4.985622406005859,,21.30038070678711,,,
5,,409,,447.19769287109375,,-4.649881839752197,,20.818424224853516,,,
5,,419,,517.683349609375,,-4.495520114898682,,22.354557037353516,,,
5,,429,,522.9318237304688,,-4.036236763000488,,22.480743408203125,,,
5,,439,,464.81317138671875,,-3.6176915168762207,,21.2027530670166,,,
5,,443,,,,,,,413.27587890625,-3.7460451126098633,19.97831153869629
5,,443,466.2737731933594,,-4.176236152648926,,21.23168182373047,,,,
,0.001,444,,,,,,,,,
6,,449,,418.79022216796875,,-3.067105293273926,,20.038105010986328,,,
6,,459,,460.8363037109375,,-4.923658847808838,,21.102767944335938,,,
6,,469,,389.1934509277344,,-3.6443228721618652,,19.42716407775879,,,
6,,479,,434.39581298828125,,-2.9127373695373535,,20.534244537353516,,,
6,,489,,290.90545654296875,,-3.039252519607544,,16.682058334350586,,,
6,,499,,335.4115295410156,,-4.494024276733398,,18.002033233642578,,,
6,,509,,375.8685302734375,,-3.2814764976501465,,18.98483657836914,,,
6,,517,,,,,,,334.8194274902344,-2.80464768409729,17.9191837310791
6,,517,386.5760498046875,,-3.278832197189331,,19.265403747558594,,,,
,0.001,518,,,,,,,,,
7,,519,,302.48675537109375,,-1.776993751525879,,17.05672264099121,,,
7,,529,,258.3404235839844,,-3.0506458282470703,,15.722517013549805,,,
7,,539,,295.2374572753906,,-2.682270050048828,,16.862337112426758,,,
7,,549,,358.6206359863281,,-2.4410810470581055,,18.545467376708984,,,
7,,559,,300.5495910644531,,-1.9904025793075562,,16.954193115234375,,,
7,,569,,300.3419189453125,,-1.9248610734939575,,16.93082618713379,,,
7,,579,,389.2555236816406,,-2.0967559814453125,,19.35598373413086,,,
7,,589,,307.2644958496094,,-2.301389217376709,,17.099777221679688,,,
7,,591,,,,,,,265.6755676269531,-1.9880250692367554,15.89094066619873
7,,591,312.3140869140625,,-2.4160187244415283,,17.253395080566406,,,,
,0.001,592,,,,,,,,,
8,,599,,287.3210144042969,,-2.5699172019958496,,16.59270477294922,,,
8,,609,,313.0038757324219,,-2.6760659217834473,,17.256305694580078,,,
8,,619,,227.74484252929688,,-1.0769603252410889,,14.804183959960938,,,
8,,629,,274.07440185546875,,-2.2111916542053223,,16.16581153869629,,,
8,,639,,263.5998229980469,,-2.257791042327881,,15.852753639221191,,,
8,,649,,211.62081909179688,,-1.0205390453338623,,14.107711791992188,,,
8,,659,,219.91842651367188,,-1.3565512895584106,,14.465425491333008,,,
8,,665,,,,,,,199.49282836914062,-1.2161743640899658,13.693568229675293
8,,665,241.97801208496094,,-1.60288405418396,,15.116071701049805,,,,
,0.001,666,,,,,,,,,
9,,669,,227.15786743164062,,-0.9167680740356445,,14.620616912841797,,,
9,,679,,208.19082641601562,,-0.818515419960022,,14.006591796875,,,
9,,689,,222.19430541992188,,-0.836319625377655,,14.415847778320312,,,
9,,699,,207.8702392578125,,-1.085188865661621,,14.002744674682617,,,
9,,709,,165.34999084472656,,-0.6130015850067139,,12.465424537658691,,,
9,,719,,162.8463592529297,,-1.183887004852295,,12.426966667175293,,,
9,,729,,254.042236328125,,-1.1688646078109741,,15.470342636108398,,,
9,,739,,261.4981384277344,,-1.7583088874816895,,15.721360206604004,,,
9,,739,,,,,,,158.27496337890625,-0.7442041039466858,12.148801803588867
9,,739,186.47735595703125,,-0.9882596135139465,,13.203585624694824,,,,
,0.001,740,,,,,,,,,
10,,749,,134.55653381347656,,-0.1441275179386139,,11.27912712097168,,,
10,,759,,166.04461669921875,,-0.728216826915741,,12.514921188354492,,,
10,,769,,184.87791442871094,,-0.5886249542236328,,13.194355010986328,,,
10,,779,,118.74055480957031,,-0.17111027240753174,,10.624015808105469,,,
10,,789,,157.06874084472656,,-0.60954350233078,,12.138092041015625,,,
10,,799,,129.47000122070312,,-0.3017035722732544,,11.069229125976562,,,
10,,809,,129.7681427001953,,-0.49998873472213745,,10.977462768554688,,,
10,,813,,,,,,,119.0656509399414,-0.3084656894207001,10.50333023071289
10,,813,145.23997497558594,,-0.5493296980857849,,11.62114429473877,,,,
,0.001,814,,,,,,,,,
11,,819,,140.22116088867188,,-0.9830814003944397,,11.352319717407227,,,
11,,829,,141.93594360351562,,-0.36265474557876587,,11.575531959533691,,,
11,,839,,129.93231201171875,,-0.24319133162498474,,10.899687767028809,,,
11,,849,,101.63853454589844,,0.09996616840362549,,9.76502799987793,,,
11,,859,,103.494873046875,,-0.01185154914855957,,9.86662483215332,,,
11,,869,,133.42047119140625,,-0.22866401076316833,,11.193309783935547,,,
11,,879,,109.57856750488281,,-0.13187235593795776,,10.198481559753418,,,
11,,887,,,,,,,91.31177520751953,-0.0032736852299422026,9.213876724243164
11,,887,115.52305603027344,,-0.223175048828125,,10.35964298248291,,,,
,0.001,888,,,,,,,,,
12,,889,,102.11418151855469,,-0.008937805891036987,,9.762116432189941,,,
12,,899,,89.49478149414062,,-0.021989136934280396,,9.180757522583008,,,
12,,909,,122.91722106933594,,-0.280639111995697,,10.727338790893555,,,
12,,919,,58.4569206237793,,0.4678967595100403,,7.4401140213012695,,,
12,,929,,84.29806518554688,,0.2925284206867218,,8.998140335083008,,,
12,,939,,115.28591918945312,,-0.0013617873191833496,,10.430399894714355,,,
12,,949,,91.0892333984375,,-0.05462855100631714,,9.295886039733887,,,
12,,959,,63.693641662597656,,0.44098904728889465,,7.826093673706055,,,
12,,961,,,,,,,75.43651580810547,0.16039758920669556,8.417559623718262
12,,961,94.59737396240234,,-0.018975498154759407,,9.42257308959961,,,,
,0.001,962,,,,,,,,,
13,,969,,70.77919006347656,,0.20508632063865662,,8.225237846374512,,,
13,,979,,73.4136734008789,,-0.014149188995361328,,8.389907836914062,,,
13,,989,,101.6878890991211,,0.005726665258407593,,9.712299346923828,,,
13,,999,,79.55940246582031,,0.296194851398468,,8.763084411621094,,,
13,,1009,,89.96147155761719,,0.2450898289680481,,9.26602554321289,,,
13,,1019,,45.85090637207031,,0.30991411209106445,,6.735360622406006,,,
13,,1029,,100.98643493652344,,-0.20474448800086975,,9.753023147583008,,,
13,,1035,,,,,,,69.43107604980469,0.22038011252880096,8.109914779663086
13,,1035,80.97067260742188,,0.1288934201002121,,8.746009826660156,,,,
,0.001,1036,,,,,,,,,
14,,1039,,71.74504089355469,,0.1617097556591034,,8.360201835632324,,,
14,,1049,,74.01174926757812,,0.032234758138656616,,8.42318344116211,,,
14,,1059,,81.94544982910156,,0.216884046792984,,8.878650665283203,,,
14,,1069,,68.09442138671875,,0.25372520089149475,,8.170073509216309,,,
14,,1079,,69.52202606201172,,0.250288724899292,,8.17250919342041,,,
14,,1089,,69.87326049804688,,0.24849364161491394,,8.229195594787598,,,
14,,1099,,66.24698638916016,,0.2758095860481262,,7.961456298828125,,,
14,,1109,,92.57921600341797,,-0.09164801239967346,,9.484709739685059,,,
14,,1109,,,,,,,64.31753540039062,0.2683320641517639,7.849263668060303
14,,1109,74.3810806274414,,0.18400995433330536,,8.4419584274292,,,,
,0.001,1110,,,,,,,,,
15,,1119,,58.79299545288086,,0.2498103678226471,,7.548501491546631,,,
15,,1129,,98.74947357177734,,0.029904603958129883,,9.812094688415527,,,
15,,1139,,74.28511047363281,,0.24712121486663818,,8.525339126586914,,,
15,,1149,,63.23967742919922,,0.33412495255470276,,7.8290839195251465,,,
15,,1159,,65.8954849243164,,0.26978006958961487,,8.031070709228516,,,
15,,1169,,53.60002136230469,,0.16170313954353333,,7.299988746643066,,,
15,,1179,,89.12006378173828,,0.253402441740036,,9.231828689575195,,,
15,,1183,,,,,,,59.400943756103516,0.31510213017463684,7.580877780914307
15,,1183,70.65035247802734,,0.22058391571044922,,8.248441696166992,,,,
,0.001,1184,,,,,,,,,
16,,1189,,78.93624877929688,,0.26488229632377625,,8.788779258728027,,,
16,,1199,,70.08220672607422,,0.155065655708313,,8.249137878417969,,,
16,,1209,,61.59619903564453,,0.19489505887031555,,7.74698543548584,,,
16,,1219,,82.07343292236328,,0.23853415250778198,,8.870633125305176,,,
16,,1229,,57.24238586425781,,0.2827726900577545,,7.510631561279297,,,
16,,1239,,63.35997009277344,,0.36452242732048035,,7.879782676696777,,,
16,,1249,,56.77216339111328,,0.38238072395324707,,7.486211776733398,,,
16,,1257,,,,,,,58.03263473510742,0.3300776481628418,7.498005390167236
16,,1257,66.25108337402344,,0.26175129413604736,,8.007875442504883,,,,
,0.001,1258,,,,,,,,,
17,,1259,,81.98556518554688,,0.025798439979553223,,8.92276382446289,,,
17,,1269,,52.524391174316406,,0.3184649646282196,,7.155574798583984,,,
17,,1279,,76.52688598632812,,0.16479423642158508,,8.671828269958496,,,
17,,1289,,90.15325927734375,,0.21628406643867493,,9.292712211608887,,,
17,,1299,,63.79056167602539,,0.3701341152191162,,7.892836093902588,,,
17,,1309,,55.17116928100586,,0.4000122547149658,,7.313934326171875,,,
17,,1319,,60.430938720703125,,0.3782397210597992,,7.649440765380859,,,
17,,1329,,49.596954345703125,,0.47554492950439453,,6.924749374389648,,,
17,,1331,,,,,,,57.95347595214844,0.3306526243686676,7.489840507507324
17,,1331,67.0389175415039,,0.24685490131378174,,8.06589126586914,,,,
,0.001,1332,,,,,,,,,
18,,1339,,65.37190246582031,,0.33049657940864563,,7.973982810974121,,,
18,,1349,,50.08906936645508,,0.3841177225112915,,7.04202127456665,,,
18,,1359,,56.969078063964844,,0.3067612648010254,,7.483049392700195,,,
18,,1369,,75.31723022460938,,0.17971134185791016,,8.591644287109375,,,
18,,1379,,49.12091064453125,,0.36401528120040894,,6.966762065887451,,,
18,,1389,,77.74165344238281,,0.19741660356521606,,8.70435905456543,,,
18,,1399,,58.625186920166016,,0.1973867118358612,,7.527673244476318,,,
18,,1405,,,,,,,57.40960693359375,0.3325735032558441,7.4737725257873535
18,,1405,65.07770538330078,,0.27229830622673035,,7.948657035827637,,,,
,0.001,1406,,,,,,,,,
19,,1409,,62.087249755859375,,0.24454456567764282,,7.805163383483887,,,
19,,1419,,70.885498046875,,0.21689465641975403,,8.297868728637695,,,
19,,1429,,59.22208023071289,,0.30309751629829407,,7.5665435791015625,,,
19,,1439,,71.55302429199219,,0.21949341893196106,,8.366458892822266,,,
19,,1449,,81.0489501953125,,0.3233608603477478,,8.905294418334961,,,
19,,1459,,78.15121459960938,,0.05175104737281799,,8.64616870880127,,,
19,,1469,,56.95574188232422,,0.2684173583984375,,7.453873634338379,,,
19,,1479,,104.48419189453125,,0.1031358540058136,,10.12458610534668,,,
19,,1479,,,,,,,57.63456726074219,0.3278268873691559,7.486549377441406
19,,1479,64.5461654663086,,0.2787024974822998,,7.913912773132324,,,,
,0.001,1480,,,,,,,,,
20,,1489,,62.988197326660156,,0.3412911891937256,,7.894074440002441,,,
20,,1499,,42.837921142578125,,0.5591564178466797,,6.503093719482422,,,
20,,1509,,89.63645935058594,,0.17489397525787354,,9.295820236206055,,,
20,,1519,,63.25485610961914,,0.29598289728164673,,7.888362884521484,,,
20,,1529,,56.39933776855469,,0.19862493872642517,,7.443066120147705,,,
20,,1539,,64.98155975341797,,0.26189181208610535,,7.988648414611816,,,
20,,1549,,56.64598846435547,,0.32070544362068176,,7.450296878814697,,,
20,,1553,,,,,,,55.95124435424805,0.34882497787475586,7.375370025634766
20,,1553,64.60427856445312,,0.2712411880493164,,7.924338340759277,,,,
,0.001,1554,,,,,,,,,
21,,1559,,58.119991302490234,,0.20318648219108582,,7.470043182373047,,,
21,,1569,,53.002685546875,,-0.188798725605011,,7.1664838790893555,,,
21,,1579,,81.718505859375,,0.22720783948898315,,8.933621406555176,,,
21,,1589,,80.55615997314453,,0.265864759683609,,8.899605751037598,,,
21,,1599,,57.427703857421875,,0.36025968194007874,,7.521568298339844,,,
21,,1609,,67.92977905273438,,0.44637414813041687,,8.13902473449707,,,
21,,1619,,70.43336486816406,,0.2754024565219879,,8.302614212036133,,,
21,,1627,,,,,,,56.88694763183594,0.33823877573013306,7.435173511505127
21,,1627,63.76472091674805,,0.2779404819011688,,7.871721267700195,,,,
,0.001,1628,,,,,,,,,
22,,1629,,63.97694396972656,,0.15636780858039856,,7.90593147277832,,,
22,,1639,,56.1964225769043,,0.40996450185775757,,7.440696716308594,,,
22,,1649,,68.47258758544922,,0.21429824829101562,,8.19652271270752,,,
22,,1659,,52.86567306518555,,0.41675493121147156,,7.181074142456055,,,
22,,1669,,69.57063293457031,,0.2096094787120819,,8.268819808959961,,,
22,,1679,,57.92414474487305,,0.30019712448120117,,7.542272567749023,,,
22,,1689,,56.63890838623047,,0.37610962986946106,,7.4848833084106445,,,
22,,1699,,62.65216064453125,,0.3774316906929016,,7.822615146636963,,,
22,,1701,,,,,,,56.39239501953125,0.34436342120170593,7.407814025878906
22,,1701,63.23286056518555,,0.28558844327926636,,7.8475165367126465,,,,
,0.001,1702,,,,,,,,,
23,,1709,,59.461490631103516,,0.10948354005813599,,7.664786338806152,,,
23,,1719,,64.17200469970703,,0.28956401348114014,,7.931817054748535,,,
23,,1729,,64.10093688964844,,0.286757230758667,,7.888640403747559,,,
23,,1739,,44.75640869140625,,0.2952684164047241,,6.658677101135254,,,
23,,1749,,80.27384948730469,,0.049986422061920166,,8.88467788696289,,,
23,,1759,,47.93976593017578,,0.4206859767436981,,6.854398727416992,,,
23,,1769,,73.48719787597656,,0.21497493982315063,,8.502899169921875,,,
23,,1775,,,,,,,57.49180221557617,0.3282279074192047,7.476845741271973
23,,1775,63.294273376464844,,0.2869303822517395,,7.850798606872559,,,,
,0.001,1776,,,,,,,,,
24,,1779,,59.76121520996094,,0.3070513606071472,,7.613796710968018,,,
24,,1789,,63.365177154541016,,0.2746042311191559,,7.895940780639648,,,
24,,1799,,48.550621032714844,,0.4127788543701172,,6.945038795471191,,,
24,,1809,,51.45082092285156,,0.34390324354171753,,7.131976127624512,,,
24,,1819,,42.57053756713867,,0.5442715883255005,,6.456484794616699,,,
24,,1829,,56.628173828125,,0.21804744005203247,,7.452109336853027,,,
24,,1839,,63.53695297241211,,0.2952902913093567,,7.874782085418701,,,
24,,1849,,33.698707580566406,,0.46208736300468445,,5.740938186645508,,,
24,,1849,,,,,,,56.674461364746094,0.33955344557762146,7.427812576293945
24,,1849,61.96705627441406,,0.29895126819610596,,7.764837265014648,,,,
,0.001,1850,,,,,,,,,
25,,1859,,50.14984130859375,,0.426868736743927,,7.015216827392578,,,
25,,1869,,62.39323425292969,,0.23890328407287598,,7.828885078430176,,,
25,,1879,,86.87632751464844,,0.29351404309272766,,9.252975463867188,,,
25,,1889,,50.03477478027344,,0.37384292483329773,,7.036661148071289,,,
25,,1899,,60.167335510253906,,0.24718350172042847,,7.683326244354248,,,
25,,1909,,77.92073059082031,,0.07532653212547302,,8.679991722106934,,,
25,,1919,,55.57207107543945,,0.3460361361503601,,7.404158115386963,,,
25,,1923,,,,,,,55.91838455200195,0.3486350476741791,7.366299152374268
25,,1923,62.48099136352539,,0.29373598098754883,,7.793833255767822,,,,
,0.001,1924,,,,,,,,,
26,,1929,,62.06706237792969,,0.32410064339637756,,7.811872482299805,,,
26,,1939,,59.81954574584961,,0.37724950909614563,,7.66318416595459,,,
26,,1949,,64.07391357421875,,0.32571056485176086,,7.843192100524902,,,
26,,1959,,51.264286041259766,,0.4972066581249237,,7.086409568786621,,,
26,,1969,,85.93394470214844,,0.1763755977153778,,9.195396423339844,,,
26,,1979,,67.6362533569336,,0.21528315544128418,,8.12826156616211,,,
26,,1989,,59.82342529296875,,0.19656455516815186,,7.676076889038086,,,
26,,1997,,,,,,,55.9654655456543,0.34888747334480286,7.3774733543396
26,,1997,62.60354232788086,,0.29584354162216187,,7.8090009689331055,,,,
,0.001,1998,,,,,,,,,
27,,1999,,48.751976013183594,,0.47384271025657654,,6.913932800292969,,,
27,,2009,,58.000274658203125,,0.22585520148277283,,7.540085792541504,,,
27,,2019,,70.75422668457031,,0.3040379285812378,,8.3018217086792,,,
27,,2029,,68.93879699707031,,0.26561859250068665,,8.215276718139648,,,
27,,2039,,67.35836029052734,,0.21763059496879578,,8.131570816040039,,,
27,,2049,,66.29469299316406,,0.2727840840816498,,8.025721549987793,,,
27,,2059,,59.397098541259766,,0.14793872833251953,,7.6575093269348145,,,
27,,2069,,70.72694396972656,,0.16673138737678528,,8.291935920715332,,,
27,,2071,,,,,,,56.16685485839844,0.3468170166015625,7.382895469665527
27,,2071,62.48506546020508,,0.2975233197212219,,7.789575099945068,,,,
,0.001,2072,,,,,,,,,
28,,2079,,50.848907470703125,,0.4897652566432953,,7.039301872253418,,,
28,,2089,,77.5619888305664,,0.2514459192752838,,8.694108009338379,,,
28,,2099,,70.47023010253906,,0.1011953353881836,,8.29782485961914,,,
28,,2109,,80.47761535644531,,-0.06651830673217773,,8.875678062438965,,,
28,,2119,,74.85408020019531,,0.22567462921142578,,8.572437286376953,,,
28,,2129,,55.816139221191406,,0.3301279544830322,,7.422155380249023,,,
28,,2139,,60.646141052246094,,0.4576040506362915,,7.733871936798096,,,
28,,2145,,,,,,,56.16912841796875,0.3480762541294098,7.380566120147705
28,,2145,61.647911071777344,,0.3010399043560028,,7.747039794921875,,,,
,0.001,2146,,,,,,,,,
29,,2149,,77.95826721191406,,0.22835224866867065,,8.756536483764648,,,
29,,2159,,68.41455841064453,,0.2621794641017914,,8.182232856750488,,,
29,,2169,,62.942726135253906,,0.05566415190696716,,7.8450469970703125,,,
29,,2179,,61.12512969970703,,0.291799932718277,,7.714815139770508,,,
29,,2189,,67.8853988647461,,0.2309493124485016,,8.092887878417969,,,
29,,2199,,63.043067932128906,,0.2319798469543457,,7.810164928436279,,,
29,,2209,,57.280975341796875,,0.3010849356651306,,7.469629287719727,,,
29,,2219,,58.11969757080078,,0.27400416135787964,,7.568480968475342,,,
29,,2219,,,,,,,56.333091735839844,0.34437668323516846,7.397812366485596
29,,2219,61.48295211791992,,0.30962076783180237,,7.737431049346924,,,,
,0.001,2220,,,,,,,,,
30,,2229,,77.92582702636719,,0.275332510471344,,8.727838516235352,,,
30,,2239,,69.82890319824219,,0.11508089303970337,,8.281349182128906,,,
30,,2249,,55.67396545410156,,0.4272478520870209,,7.387327194213867,,,
30,,2259,,42.31515121459961,,0.26806706190109253,,6.445330619812012,,,
30,,2269,,64.38473510742188,,0.1997106373310089,,7.930344581604004,,,
30,,2279,,66.56951141357422,,0.19840094447135925,,8.039630889892578,,,
30,,2289,,58.69047927856445,,0.27838996052742004,,7.576901435852051,,,
30,,2293,,,,,,,56.203582763671875,0.3459665775299072,7.395089149475098
30,,2293,61.45679473876953,,0.3090786635875702,,7.729583740234375,,,,
,0.001,2294,,,,,,,,,
31,,2299,,47.05778503417969,,0.5049241185188293,,6.798446178436279,,,
31,,2309,,61.25362014770508,,0.2704646587371826,,7.684309005737305,,,
31,,2319,,53.58408737182617,,0.5013656616210938,,7.261042594909668,,,
31,,2329,,73.23574829101562,,0.10828390717506409,,8.462300300598145,,,
31,,2339,,59.903499603271484,,0.11275032162666321,,7.674158096313477,,,
31,,2349,,56.11662292480469,,0.3777177631855011,,7.308229446411133,,,
31,,2359,,57.50257110595703,,0.33397865295410156,,7.456007957458496,,,
31,,2367,,,,,,,56.482154846191406,0.34258049726486206,7.411044120788574
31,,2367,61.31529235839844,,0.30435511469841003,,7.722900390625,,,,
,0.001,2368,,,,,,,,,
32,,2369,,53.63062286376953,,0.3787681460380554,,7.225675582885742,,,
32,,2379,,60.78205108642578,,0.48716920614242554,,7.733332633972168,,,
32,,2389,,65.93428039550781,,0.2378489375114441,,8.050573348999023,,,
32,,2399,,65.00023651123047,,0.2342309057712555,,7.9817304611206055,,,
32,,2409,,60.70323944091797,,0.41219374537467957,,7.703985214233398,,,
32,,2419,,59.914737701416016,,0.34954506158828735,,7.680003643035889,,,
32,,2429,,63.2725830078125,,0.34259822964668274,,7.865065097808838,,,
32,,2439,,75.57938385009766,,0.23520708084106445,,8.577582359313965,,,
32,,2441,,,,,,,56.25951385498047,0.3454229235649109,7.388383388519287
32,,2441,61.4881591796875,,0.3101131021976471,,7.7343668937683105,,,,
,0.001,2442,,,,,,,,,
33,,2449,,51.90257263183594,,0.4409478008747101,,7.087536811828613,,,
33,,2459,,65.22856903076172,,0.2795182168483734,,7.996367454528809,,,
33,,2469,,57.839149475097656,,0.3260742425918579,,7.5200324058532715,,,
33,,2479,,58.505523681640625,,0.5319210290908813,,7.59187650680542,,,
33,,2489,,62.02663040161133,,0.11146742105484009,,7.820354461669922,,,
33,,2499,,48.373443603515625,,0.36225923895835876,,6.908350944519043,,,
33,,2509,,61.003448486328125,,0.17901945114135742,,7.781310081481934,,,
33,,2515,,,,,,,56.17587661743164,0.3468457758426666,7.380289077758789
33,,2515,61.16645431518555,,0.3132946789264679,,7.712727069854736,,,,
,0.001,2516,,,,,,,,,
34,,2519,,87.42874145507812,,0.18237608671188354,,9.265815734863281,,,
34,,2529,,52.37792205810547,,0.49706751108169556,,7.178417682647705,,,
34,,2539,,71.41732788085938,,0.17157864570617676,,8.383859634399414,,,
34,,2549,,58.41926574707031,,0.26038658618927,,7.592715263366699,,,
34,,2559,,46.2684326171875,,0.4551239013671875,,6.764434337615967,,,
34,,2569,,66.92276763916016,,0.15777131915092468,,8.127128601074219,,,
34,,2579,,76.81441497802734,,0.26880815625190735,,8.66235637664795,,,
34,,2589,,69.12482452392578,,0.14157068729400635,,8.257813453674316,,,
34,,2589,,,,,,,55.81761932373047,0.3517042100429535,7.364238739013672
34,,2589,59.98735427856445,,0.32715100049972534,,7.6361260414123535,,,,
,0.001,2590,,,,,,,,,
35,,2599,,62.989688873291016,,0.2805950343608856,,7.853386878967285,,,
35,,2609,,71.07501983642578,,0.30380845069885254,,8.325838088989258,,,
35,,2619,,71.41976165771484,,0.27048492431640625,,8.32619857788086,,,
35,,2629,,76.20719909667969,,0.25758886337280273,,8.649505615234375,,,
35,,2639,,61.10498046875,,0.4207640290260315,,7.748751163482666,,,
35,,2649,,59.70697021484375,,0.385941743850708,,7.6436448097229,,,
35,,2659,,44.01241683959961,,0.23506250977516174,,6.542914390563965,,,
35,,2663,,,,,,,56.590232849121094,0.3402285873889923,7.414038181304932
35,,2663,59.48714065551758,,0.3296327292919159,,7.601046562194824,,,,
,0.001,2664,,,,,,,,,
36,,2669,,46.551246643066406,,0.5005555152893066,,6.735786437988281,,,
36,,2679,,55.36221694946289,,0.3290223181247711,,7.362854957580566,,,
36,,2689,,55.940181732177734,,0.3536399304866791,,7.391563892364502,,,
36,,2699,,78.16761016845703,,0.3187747895717621,,8.70945930480957,,,
36,,2709,,70.3835220336914,,0.28674548864364624,,8.338094711303711,,,
36,,2719,,53.03721618652344,,0.2812444567680359,,7.237844944000244,,,
36,,2729,,49.509239196777344,,0.2187419831752777,,6.967714309692383,,,
36,,2737,,,,,,,56.096920013427734,0.34657588601112366,7.3819990158081055
36,,2737,59.27352523803711,,0.3322335183620453,,7.596126079559326,,,,
,0.001,2738,,,,,,,,,
37,,2739,,61.487709045410156,,0.3583727777004242,,7.739585876464844,,,
37,,2749,,80.62370300292969,,0.15841630101203918,,8.907752990722656,,,
37,,2759,,54.2086067199707,,0.3822861909866333,,7.300981044769287,,,
37,,2769,,58.199703216552734,,0.4946608245372772,,7.503746509552002,,,
37,,2779,,59.79020690917969,,0.1806567907333374,,7.659682273864746,,,
37,,2789,,62.42804718017578,,0.2891881763935089,,7.849180698394775,,,
37,,2799,,50.762569427490234,,0.4722898304462433,,7.073690414428711,,,
37,,2809,,58.68201446533203,,0.3414938151836395,,7.595218658447266,,,
37,,2811,,,,,,,56.776973724365234,0.33901795744895935,7.430636405944824
37,,2811,60.501800537109375,,0.3187195658683777,,7.671229362487793,,,,
,0.001,2812,,,,,,,,,
38,,2819,,68.7948226928711,,0.2813984453678131,,8.22639274597168,,,
38,,2829,,63.06047821044922,,0.2220655083656311,,7.848792552947998,,,
38,,2839,,42.243038177490234,,0.5445001721382141,,6.439267158508301,,,
38,,2849,,54.601295471191406,,0.4003925025463104,,7.3428449630737305,,,
38,,2859,,43.93081283569336,,0.4785078465938568,,6.578892230987549,,,
38,,2869,,70.61373901367188,,0.1390438675880432,,8.335926055908203,,,
38,,2879,,74.57499694824219,,0.023728668689727783,,8.544790267944336,,,
38,,2885,,,,,,,55.86925506591797,0.3502127230167389,7.367570877075195
38,,2885,61.27780532836914,,0.31005859375,,7.720047473907471,,,,
,0.001,2886,,,,,,,,,
39,,2889,,48.802711486816406,,0.27569904923439026,,6.927799701690674,,,
39,,2899,,55.70168685913086,,0.33596155047416687,,7.396552085876465,,,
39,,2909,,69.88211822509766,,0.22467881441116333,,8.2440185546875,,,
39,,2919,,51.859554290771484,,0.1808571219444275,,7.136567115783691,,,
39,,2929,,67.4784164428711,,0.06382465362548828,,8.14393424987793,,,
39,,2939,,69.38436889648438,,0.19656327366828918,,8.212297439575195,,,
39,,2949,,61.8467903137207,,0.42424437403678894,,7.7605743408203125,,,
39,,2959,,42.60042190551758,,0.4571722149848938,,6.464986801147461,,,
39,,2959,,,,,,,55.368446350097656,0.355282723903656,7.333077430725098
39,,2959,60.06454849243164,,0.3272533118724823,,7.6399993896484375,,,,
,0.001,2960,,,,,,,,,
40,,2969,,39.9835090637207,,0.4936886131763458,,6.276773929595947,,,
40,,2979,,55.5963134765625,,0.38106483221054077,,7.37092924118042,,,
40,,2989,,74.45294952392578,,0.05018499493598938,,8.527250289916992,,,
40,,2999,,58.011077880859375,,0.36081916093826294,,7.540270805358887,,,
40,,3009,,62.00153350830078,,0.4359687268733978,,7.811105251312256,,,
40,,3019,,66.39682006835938,,0.35085439682006836,,8.06057357788086,,,
40,,3029,,58.90094757080078,,0.3122282922267914,,7.5681939125061035,,,
40,,3033,,,,,,,55.73044967651367,0.351101279258728,7.361029148101807
40,,3033,59.93131637573242,,0.32813841104507446,,7.640030860900879,,,,
,0.001,3034,,,,,,,,,
41,,3039,,49.8748664855957,,0.3020811975002289,,6.996050834655762,,,
41,,3049,,49.60224151611328,,0.4094448387622833,,6.952401161193848,,,
41,,3059,,60.12481689453125,,0.4341467320919037,,7.62315559387207,,,
41,,3069,,68.49720001220703,,0.42159879207611084,,8.137720108032227,,,
41,,3079,,60.718082427978516,,0.36564868688583374,,7.711097717285156,,,
41,,3089,,64.19535064697266,,0.10405263304710388,,7.9723663330078125,,,
41,,3099,,71.99335479736328,,0.23299357295036316,,8.374431610107422,,,
41,,3107,,,,,,,56.55799865722656,0.34249114990234375,7.411622524261475
41,,3107,58.386383056640625,,0.34388771653175354,,7.534326076507568,,,,
,0.001,3108,,,,,,,,,
42,,3109,,68.02486419677734,,0.2851792275905609,,8.189277648925781,,,
42,,3119,,55.87618637084961,,0.27635324001312256,,7.3799333572387695,,,
42,,3129,,46.8356819152832,,0.4322299361228943,,6.7716145515441895,,,
42,,3139,,47.03472900390625,,0.28154221177101135,,6.829107284545898,,,
42,,3149,,67.79153442382812,,0.33524268865585327,,8.131444931030273,,,
42,,3159,,84.79716491699219,,-0.20656812191009521,,9.125513076782227,,,
42,,3169,,53.371788024902344,,0.4579835832118988,,7.253442764282227,,,
42,,3179,,62.15349578857422,,0.3042145371437073,,7.7892985343933105,,,
42,,3181,,,,,,,56.127864837646484,0.34809571504592896,7.380917549133301
42,,3181,58.67618179321289,,0.3335329294204712,,7.556110382080078,,,,
,0.001,3182,,,,,,,,,
43,,3189,,48.46748733520508,,0.3852294385433197,,6.91480827331543,,,
43,,3199,,48.342735290527344,,0.3814690411090851,,6.877847671508789,,,
43,,3209,,63.441688537597656,,0.39749130606651306,,7.857080459594727,,,
43,,3219,,71.43302917480469,,0.22519198060035706,,8.328954696655273,,,
43,,3229,,70.19654846191406,,0.21082118153572083,,8.268871307373047,,,
43,,3239,,62.75225067138672,,0.21947509050369263,,7.847286701202393,,,
43,,3249,,60.799041748046875,,0.3420310616493225,,7.720314979553223,,,
43,,3255,,,,,,,56.017120361328125,0.3470812141895294,7.380923271179199
43,,3255,58.78828430175781,,0.3377731442451477,,7.56038236618042,,,,
,0.001,3256,,,,,,,,,
44,,3259,,57.658138275146484,,0.36233580112457275,,7.515437126159668,,,
44,,3269,,47.68247985839844,,0.5223734378814697,,6.843698978424072,,,
44,,3279,,68.34893035888672,,0.30665382742881775,,8.185914993286133,,,
44,,3289,,52.703338623046875,,0.3722657859325409,,7.179553031921387,,,
44,,3299,,79.25382232666016,,0.28944122791290283,,8.845663070678711,,,
44,,3309,,74.49246978759766,,0.3319393992424011,,8.49351978302002,,,
44,,3319,,48.92361068725586,,0.39979714155197144,,6.890044689178467,,,
44,,3329,,69.16947174072266,,0.2423211634159088,,8.238887786865234,,,
44,,3329,,,,,,,55.7474365234375,0.35057953000068665,7.356432914733887
44,,3329,57.46444320678711,,0.3530064821243286,,7.473012924194336,,,,
,0.001,3330,,,,,,,,,
45,,3339,,55.68407440185547,,0.3941768705844879,,7.394802093505859,,,
45,,3349,,65.06640625,,0.3278055191040039,,7.942523002624512,,,
45,,3359,,59.105247497558594,,0.4318605661392212,,7.6095147132873535,,,
45,,3369,,43.96794128417969,,0.5249475836753845,,6.54586935043335,,,
45,,3379,,47.66876220703125,,0.43725651502609253,,6.857324123382568,,,
45,,3389,,45.23223876953125,,0.46755561232566833,,6.678469657897949,,,
45,,3399,,53.120880126953125,,0.4158966541290283,,7.202019691467285,,,
45,,3403,,,,,,,55.32139587402344,0.3566543757915497,7.334023475646973
45,,3403,58.54917526245117,,0.3410457968711853,,7.536988735198975,,,,
,0.001,3404,,,,,,,,,
46,,3409,,72.77022552490234,,0.28293707966804504,,8.448822975158691,,,
46,,3419,,85.2474365234375,,0.04238492250442505,,9.11194133758545,,,
46,,3429,,64.99694061279297,,0.1595763862133026,,7.966344356536865,,,
46,,3439,,55.97078323364258,,0.3059884309768677,,7.403072357177734,,,
46,,3449,,66.88712310791016,,0.29228833317756653,,8.084928512573242,,,
46,,3459,,71.206787109375,,0.22627824544906616,,8.325788497924805,,,
46,,3469,,58.28555679321289,,0.3801823556423187,,7.539896011352539,,,
46,,3477,,,,,,,55.362548828125,0.3558051586151123,7.336337089538574
46,,3477,59.42610549926758,,0.3299700915813446,,7.599996566772461,,,,
,0.001,3478,,,,,,,,,
47,,3479,,72.63311767578125,,0.08833807706832886,,8.439945220947266,,,
47,,3489,,40.3769645690918,,0.4588487148284912,,6.309990882873535,,,
47,,3499,,37.90434646606445,,0.4837118685245514,,6.084589004516602,,,
47,,3509,,66.11333465576172,,0.39050135016441345,,8.043940544128418,,,
47,,3519,,50.81731414794922,,0.4450882375240326,,7.028324604034424,,,
47,,3529,,79.32102966308594,,0.28024759888648987,,8.763236999511719,,,
47,,3539,,57.965450286865234,,0.26216503977775574,,7.561484336853027,,,
47,,3549,,49.72836685180664,,0.512172520160675,,6.9720377922058105,,,
47,,3551,,,,,,,55.68989181518555,0.3520703613758087,7.351210117340088
47,,3551,59.72783279418945,,0.3256356716156006,,7.618680000305176,,,,
,0.001,3552,,,,,,,,,
48,,3559,,52.26716232299805,,0.36729738116264343,,7.173635482788086,,,
48,,3569,,54.59103012084961,,0.39494335651397705,,7.291471004486084,,,
48,,3579,,60.33162307739258,,0.27336689829826355,,7.7249603271484375,,,
48,,3589,,56.11260223388672,,0.4310844838619232,,7.455431938171387,,,
48,,3599,,55.91416549682617,,0.2154393494129181,,7.437560081481934,,,
48,,3609,,67.88627624511719,,0.23630723357200623,,8.14609146118164,,,
48,,3619,,85.85536193847656,,0.09036323428153992,,9.187437057495117,,,
48,,3625,,,,,,,55.28074645996094,0.3565986454486847,7.331047058105469
48,,3625,58.8150749206543,,0.3384166657924652,,7.561598300933838,,,,
,0.001,3626,,,,,,,,,
49,,3629,,59.83816146850586,,0.3416275680065155,,7.623445510864258,,,
49,,3639,,47.66343688964844,,0.31822556257247925,,6.775326728820801,,,
49,,3649,,79.43869018554688,,0.13741576671600342,,8.770517349243164,,,
49,,3659,,47.274906158447266,,0.48331204056739807,,6.805704116821289,,,
49,,3669,,54.358856201171875,,0.438056617975235,,7.295853137969971,,,
49,,3679,,64.9014892578125,,0.34971919655799866,,7.975380897521973,,,
49,,3689,,55.7413444519043,,0.32875320315361023,,7.394824981689453,,,
49,,3699,,52.89493179321289,,0.39011451601982117,,7.229396820068359,,,
49,,3699,,,,,,,55.67756271362305,0.35271671414375305,7.359477996826172
49,,3699,58.909820556640625,,0.3403093218803406,,7.5660552978515625,,,,
,0.001,3700,,,,,,,,,
50,,3709,,51.40800476074219,,0.5249826312065125,,7.079516410827637,,,
50,,3719,,47.255226135253906,,0.4078989028930664,,6.806070327758789,,,
50,,3729,,49.12761306762695,,0.41352251172065735,,6.942875862121582,,,
50,,3739,,68.4128189086914,,0.0724731981754303,,8.174959182739258,,,
50,,3749,,60.82674026489258,,0.24004188179969788,,7.7520856857299805,,,
50,,3759,,67.81359100341797,,0.3092317581176758,,8.130814552307129,,,
50,,3769,,61.05766296386719,,0.33378851413726807,,7.749807357788086,,,
50,,3773,,,,,,,56.20061111450195,0.346581369638443,7.384715557098389
50,,3773,59.71586990356445,,0.3243347704410553,,7.626849174499512,,,,
,0.001,3774,,,,,,,,,
51,,3779,,64.24219512939453,,0.39166322350502014,,7.9119977951049805,,,
51,,3789,,66.93013000488281,,0.38198623061180115,,8.080263137817383,,,
51,,3799,,45.71379852294922,,0.4871881902217865,,6.702683448791504,,,
51,,3809,,72.1358871459961,,0.22397324442863464,,8.367631912231445,,,
51,,3819,,53.78318405151367,,0.2639203369617462,,7.254329681396484,,,
51,,3829,,52.26728057861328,,0.3046823740005493,,7.153414726257324,,,
51,,3839,,50.47407531738281,,0.4158577024936676,,7.036340713500977,,,
51,,3847,,,,,,,56.05622863769531,0.347657710313797,7.3782639503479
51,,3847,59.252925872802734,,0.3329460918903351,,7.591712951660156,,,,
,0.001,3848,,,,,,,,,
52,,3849,,68.16305541992188,,0.42274564504623413,,8.155782699584961,,,
52,,3859,,69.51343536376953,,0.3616868853569031,,8.211790084838867,,,
52,,3869,,64.40492248535156,,0.4505109190940857,,7.951294422149658,,,
52,,3879,,47.45307922363281,,0.3677447438240051,,6.78198766708374,,,
52,,3889,,65.03437805175781,,0.40422508120536804,,8.000911712646484,,,
52,,3899,,59.144508361816406,,0.5379060506820679,,7.592087268829346,,,
52,,3909,,50.46299362182617,,0.5154198408126831,,6.987797737121582,,,
52,,3919,,76.73074340820312,,0.37446287274360657,,8.673932075500488,,,
52,,3921,,,,,,,55.503456115722656,0.35418349504470825,7.344803810119629
52,,3921,58.552528381347656,,0.33519691228866577,,7.547427654266357,,,,
,0.001,3922,,,,,,,,,
53,,3929,,51.89136505126953,,0.4373719394207001,,7.142679214477539,,,
53,,3939,,51.84613800048828,,0.41952264308929443,,7.117860794067383,,,
53,,3949,,54.23089599609375,,0.4754141867160797,,7.268589019775391,,,
53,,3959,,64.9692611694336,,0.33763206005096436,,7.9614715576171875,,,
53,,3969,,52.88510513305664,,0.33670851588249207,,7.201539993286133,,,
53,,3979,,60.83369445800781,,0.3231053948402405,,7.730589389801025,,,
53,,3989,,58.52595901489258,,0.3096156120300293,,7.585712432861328,,,
53,,3995,,,,,,,55.080810546875,0.3589547872543335,7.320424556732178
53,,3995,59.03763198852539,,0.3370841443538666,,7.575945854187012,,,,
,0.001,3996,,,,,,,,,
54,,3999,,46.643455505371094,,0.4988599121570587,,6.768895149230957,,,
54,,4009,,43.27330780029297,,0.4605497419834137,,6.520400524139404,,,
54,,4019,,50.69838333129883,,0.4516855776309967,,7.066623210906982,,,
54,,4029,,47.28192138671875,,0.5171430110931396,,6.817744731903076,,,
54,,4039,,56.32013702392578,,0.3197985887527466,,7.42434549331665,,,
54,,4049,,69.01151275634766,,0.21063008904457092,,8.191790580749512,,,
54,,4059,,83.21322631835938,,0.2548869252204895,,8.963342666625977,,,
54,,4069,,55.91808319091797,,0.4804578423500061,,7.454406261444092,,,
54,,4069,,,,,,,55.390586853027344,0.3556702136993408,7.335155487060547
54,,4069,58.53449630737305,,0.34391623735427856,,7.5402326583862305,,,,
,0.001,4070,,,,,,,,,
55,,4079,,61.97933578491211,,0.38164210319519043,,7.806185245513916,,,
55,,4089,,39.740257263183594,,0.5660169124603271,,6.240851402282715,,,
55,,4099,,51.044227600097656,,0.4519082009792328,,7.111451148986816,,,
55,,4109,,59.68505096435547,,0.4541774392127991,,7.647607326507568,,,
55,,4119,,64.43449401855469,,0.2728722095489502,,7.9231743812561035,,,
55,,4129,,47.99139404296875,,0.3925890326499939,,6.855847358703613,,,
55,,4139,,76.47489166259766,,0.2080792486667633,,8.674676895141602,,,
55,,4143,,,,,,,54.97724533081055,0.36057713627815247,7.3085761070251465
55,,4143,57.50753402709961,,0.3537692725658417,,7.481298923492432,,,,
,0.001,4144,,,,,,,,,
56,,4149,,49.96026611328125,,0.493857204914093,,6.938415050506592,,,
56,,4159,,66.43640899658203,,0.2976779341697693,,8.06536865234375,,,
56,,4169,,66.01203155517578,,0.1923840045928955,,8.04365062713623,,,
56,,4179,,57.84367370605469,,0.3667232394218445,,7.512598037719727,,,
56,,4189,,79.11048889160156,,0.24328139424324036,,8.776294708251953,,,
56,,4199,,56.750457763671875,,0.29079940915107727,,7.452706813812256,,,
56,,4209,,52.527809143066406,,0.30379360914230347,,7.198988437652588,,,
56,,4217,,,,,,,54.957244873046875,0.3604263365268707,7.309083461761475
56,,4217,57.439918518066406,,0.35271891951560974,,7.467170715332031,,,,
,0.001,4218,,,,,,,,,
57,,4219,,57.23075485229492,,0.31823664903640747,,7.508847713470459,,,
57,,4229,,53.720481872558594,,0.3923420011997223,,7.233649730682373,,,
57,,4239,,52.71021270751953,,0.37517425417900085,,7.211540222167969,,,
57,,4249,,56.63880920410156,,0.4168906807899475,,7.454412460327148,,,
57,,4259,,48.60770797729492,,0.3567647635936737,,6.889443397521973,,,
57,,4269,,53.95243835449219,,0.48656347393989563,,7.265302658081055,,,
57,,4279,,59.19981002807617,,0.33246102929115295,,7.646869659423828,,,
57,,4289,,52.393802642822266,,0.3605256676673889,,7.122309684753418,,,
57,,4291,,,,,,,55.416534423828125,0.35614752769470215,7.338180065155029
57,,4291,58.430519104003906,,0.3408006429672241,,7.538339614868164,,,,
,0.001,4292,,,,,,,,,
58,,4299,,47.95664978027344,,0.4770486652851105,,6.8611907958984375,,,
58,,4309,,51.82041549682617,,0.3720921576023102,,7.137391567230225,,,
58,,4319,,54.52717971801758,,0.44258973002433777,,7.324666976928711,,,
58,,4329,,66.32704162597656,,0.22307607531547546,,8.05679988861084,,,
58,,4339,,52.729042053222656,,0.36358630657196045,,7.221109390258789,,,
58,,4349,,39.20758819580078,,0.5101518034934998,,6.217520713806152,,,
58,,4359,,58.54745101928711,,0.40031152963638306,,7.573970794677734,,,
58,,4365,,,,,,,55.266475677490234,0.3564516305923462,7.3288445472717285
58,,4365,57.01700973510742,,0.3520347774028778,,7.451878547668457,,,,
,0.001,4366,,,,,,,,,
59,,4369,,72.94578552246094,,0.2193576693534851,,8.49160385131836,,,
59,,4379,,48.588829040527344,,0.5092304348945618,,6.902333736419678,,,
59,,4389,,56.81525421142578,,0.45763036608695984,,7.44611120223999,,,
59,,4399,,51.1346549987793,,0.4790933132171631,,7.061534881591797,,,
59,,4409,,65.89393615722656,,-0.029230833053588867,,8.051298141479492,,,
59,,4419,,67.38124084472656,,0.35624510049819946,,8.12869644165039,,,
59,,4429,,63.505165100097656,,0.2818897068500519,,7.899336338043213,,,
59,,4439,,83.85945129394531,,0.21089142560958862,,9.03786849975586,,,
59,,4439,,,,,,,55.29102325439453,0.35746482014656067,7.325963497161865
59,,4439,57.45006561279297,,0.3557024598121643,,7.4705352783203125,,,,
,0.001,4440,,,,,,,,,
60,,4449,,57.29591369628906,,0.4099160134792328,,7.4802751541137695,,,
60,,4459,,58.535850524902344,,0.39944395422935486,,7.545201301574707,,,
60,,4469,,53.25820541381836,,0.2979157567024231,,7.240848064422607,,,
60,,4479,,43.985755920410156,,0.4702463150024414,,6.566100120544434,,,
60,,4489,,56.8255500793457,,0.2889918088912964,,7.476675987243652,,,
60,,4499,,67.18994140625,,0.18015941977500916,,8.105114936828613,,,
60,,4509,,66.43484497070312,,0.34972095489501953,,8.071359634399414,,,
60,,4513,,,,,,,54.81387710571289,0.36210089921951294,7.300336837768555
60,,4513,58.19791793823242,,0.3467707931995392,,7.521383762359619,,,,
,0.001,4514,,,,,,,,,
61,,4519,,60.75957107543945,,0.3195856809616089,,7.722695350646973,,,
61,,4529,,44.06732177734375,,0.325056254863739,,6.6057963371276855,,,
61,,4539,,55.37352752685547,,0.41746628284454346,,7.355616569519043,,,
61,,4549,,40.124725341796875,,0.5251829624176025,,6.254854202270508,,,
61,,4559,,85.5409164428711,,0.17058619856834412,,9.113616943359375,,,
61,,4569,,56.5019416809082,,0.33693236112594604,,7.432296276092529,,,
61,,4579,,48.12700653076172,,0.3992464244365692,,6.845222473144531,,,
61,,4587,,,,,,,55.479148864746094,0.3548206388950348,7.337795734405518
61,,4587,58.262813568115234,,0.34040606021881104,,7.522933006286621,,,,
,0.001,4588,,,,,,,,,
62,,4589,,54.95294952392578,,0.4392542839050293,,7.353981018066406,,,
62,,4599,,50.52822494506836,,0.3902597427368164,,7.05364990234375,,,
62,,4609,,57.53491973876953,,0.4166191816329956,,7.541507720947266,,,
62,,4619,,52.607460021972656,,0.21282285451889038,,7.183670997619629,,,
62,,4629,,69.76368713378906,,0.2036505937576294,,8.237724304199219,,,
62,,4639,,58.265907287597656,,0.2734355628490448,,7.483060836791992,,,
62,,4649,,56.03032684326172,,0.41049954295158386,,7.406864643096924,,,
62,,4659,,59.16853713989258,,0.1772080659866333,,7.5675530433654785,,,
62,,4661,,,,,,,55.17107009887695,0.35609129071235657,7.3210835456848145
62,,4661,57.247772216796875,,0.35442936420440674,,7.4576945304870605,,,,
,0.001,4662,,,,,,,,,
63,,4669,,44.010318756103516,,0.47603973746299744,,6.555566787719727,,,
63,,4679,,86.2801742553711,,0.2252987027168274,,9.147168159484863,,,
63,,4689,,60.4603271484375,,0.3728286027908325,,7.710193634033203,,,
63,,4699,,60.2264404296875,,0.3933712840080261,,7.702293872833252,,,
63,,4709,,63.916526794433594,,0.3884286880493164,,7.9377031326293945,,,
63,,4719,,57.48607635498047,,0.3595956861972809,,7.509511470794678,,,
63,,4729,,68.56407165527344,,0.4950389564037323,,8.171833038330078,,,
63,,4735,,,,,,,54.9323844909668,0.36126092076301575,7.302425384521484
63,,4735,57.528324127197266,,0.3539462983608246,,7.473419189453125,,,,
,0.001,4736,,,,,,,,,
64,,4739,,49.15264892578125,,0.4848155677318573,,6.9456939697265625,,,
64,,4749,,40.11734390258789,,0.5578314661979675,,6.295487880706787,,,
64,,4759,,55.34112548828125,,0.32155197858810425,,7.329748630523682,,,
64,,4769,,67.02617645263672,,0.05952492356300354,,8.089816093444824,,,
64,,4779,,59.48588562011719,,0.3759154975414276,,7.629922866821289,,,
64,,4789,,56.52306365966797,,0.5034191012382507,,7.425691604614258,,,
64,,4799,,48.892845153808594,,0.3280421197414398,,6.945459365844727,,,
64,,4809,,44.794944763183594,,0.42156416177749634,,6.677789688110352,,,
64,,4809,,,,,,,55.64359664916992,0.35194212198257446,7.3531341552734375
64,,4809,58.12117004394531,,0.34440475702285767,,7.516221523284912,,,,
,0.001,4810,,,,,,,,,
65,,4819,,63.50517654418945,,0.362189918756485,,7.894106864929199,,,
65,,4829,,55.44712829589844,,0.3668842017650604,,7.334728240966797,,,
65,,4839,,41.571956634521484,,0.3475664556026459,,6.394748687744141,,,
65,,4849,,56.29022216796875,,0.34844860434532166,,7.420023441314697,,,
65,,4859,,50.527313232421875,,0.5039752721786499,,7.030606269836426,,,
65,,4869,,36.78516387939453,,0.3929741382598877,,6.043015956878662,,,
65,,4879,,44.19409942626953,,0.4923250377178192,,6.5453643798828125,,,
65,,4883,,,,,,,55.68746566772461,0.3523505628108978,7.351351261138916
65,,4883,58.00636291503906,,0.3436856269836426,,7.51045036315918,,,,
,0.001,4884,,,,,,,,,
66,,4889,,58.60255813598633,,0.2910129725933075,,7.588010787963867,,,
66,,4899,,67.95114135742188,,0.2741381824016571,,8.108049392700195,,,
66,,4909,,54.39745330810547,,0.434130996465683,,7.261150360107422,,,
66,,4919,,68.72979736328125,,0.15147501230239868,,8.246642112731934,,,
66,,4929,,42.037803649902344,,0.4272754490375519,,6.385637283325195,,,
66,,4939,,63.02225875854492,,0.343355655670166,,7.809613227844238,,,
66,,4949,,87.019287109375,,0.12576794624328613,,9.20700454711914,,,
66,,4957,,,,,,,55.58467483520508,0.35379597544670105,7.347028732299805
66,,4957,58.453887939453125,,0.34215283393859863,,7.5259881019592285,,,,
,0.001,4958,,,,,,,,,
67,,4959,,33.819427490234375,,0.45243266224861145,,5.796191215515137,,,
67,,4969,,60.33958053588867,,0.2942512631416321,,7.728627681732178,,,
67,,4979,,52.47042465209961,,0.41164901852607727,,7.159638404846191,,,
67,,4989,,52.870487213134766,,0.4105617105960846,,7.203265190124512,,,
67,,4999,,52.904212951660156,,-0.15065982937812805,,7.201780319213867,,,
67,,5009,,51.005462646484375,,0.42475560307502747,,7.075013160705566,,,
67,,5019,,59.69586181640625,,0.33655571937561035,,7.6258392333984375,,,
67,,5029,,58.328834533691406,,0.37752610445022583,,7.578282356262207,,,
67,,5031,,,,,,,55.150936126708984,0.35806721448898315,7.326010704040527
67,,5031,55.73451232910156,,0.3754108250141144,,7.359537124633789,,,,
,0.001,5032,,,,,,,,,
68,,5039,,80.89720153808594,,0.1498798429965973,,8.872795104980469,,,
68,,5049,,39.51011276245117,,0.5284391641616821,,6.230175018310547,,,
68,,5059,,58.213539123535156,,0.22875145077705383,,7.582577705383301,,,
68,,5069,,68.24683380126953,,0.20408198237419128,,8.180451393127441,,,
68,,5079,,53.679283142089844,,0.42375725507736206,,7.248169898986816,,,
68,,5089,,52.78629684448242,,0.43184760212898254,,7.150716781616211,,,
68,,5099,,62.13139724731445,,0.31611254811286926,,7.78620719909668,,,
68,,5105,,,,,,,55.22932434082031,0.35744601488113403,7.329461574554443
68,,5105,57.0124397277832,,0.3532699644565582,,7.440445423126221,,,,
,0.001,5106,,,,,,,,,
69,,5109,,44.70963668823242,,0.393900990486145,,6.657853126525879,,,
69,,5119,,68.30787658691406,,0.24216023087501526,,8.190010070800781,,,
69,,5129,,31.00454330444336,,0.5625978708267212,,5.505281448364258,,,
69,,5139,,65.06707763671875,,0.25473207235336304,,7.975888729095459,,,
69,,5149,,52.16905212402344,,0.3544977307319641,,7.169477462768555,,,
69,,5159,,63.80864334106445,,0.3395968973636627,,7.894813537597656,,,
69,,5169,,60.85116195678711,,0.20324775576591492,,7.751377105712891,,,
69,,5179,,38.88076400756836,,0.4668457806110382,,6.1499247550964355,,,
69,,5179,,,,,,,56.278072357177734,0.3462691009044647,7.392841815948486
69,,5179,57.449867248535156,,0.3542996942996979,,7.461601734161377,,,,
,0.001,5180,,,,,,,,,
70,,5189,,74.61373901367188,,0.03498396277427673,,8.5504789352417,,,
70,,5199,,64.64089965820312,,0.25352051854133606,,7.979422569274902,,,
70,,5209,,50.73524475097656,,0.40619707107543945,,7.047491550445557,,,
70,,5219,,67.60189819335938,,0.25995516777038574,,8.142470359802246,,,
70,,5229,,48.871341705322266,,0.5379083156585693,,6.928101539611816,,,
70,,5239,,74.40809631347656,,0.2416382133960724,,8.515636444091797,,,
70,,5249,,58.04401397705078,,0.3299921452999115,,7.587614059448242,,,
70,,5253,,,,,,,55.479679107666016,0.3543475568294525,7.344517230987549
70,,5253,57.47168731689453,,0.35499492287635803,,7.475053310394287,,,,
,0.001,5254,,,,,,,,,
71,,5259,,65.82502746582031,,0.2313435971736908,,8.056163787841797,,,
71,,5269,,49.85356140136719,,0.3334289491176605,,6.972983360290527,,,
71,,5279,,66.9532241821289,,0.3924438953399658,,8.084397315979004,,,
71,,5289,,43.14793395996094,,0.5433447957038879,,6.474192142486572,,,
71,,5299,,52.03041076660156,,0.4937392771244049,,7.151835918426514,,,
71,,5309,,42.26612854003906,,0.4743419289588928,,6.466052055358887,,,
71,,5319,,50.993316650390625,,0.5260855555534363,,7.040632724761963,,,
71,,5327,,,,,,,55.52483367919922,0.35432735085487366,7.343898773193359
71,,5327,56.87220764160156,,0.35129135847091675,,7.439428329467773,,,,
,0.001,5328,,,,,,,,,
72,,5329,,49.85533142089844,,0.27969059348106384,,6.998485088348389,,,
72,,5339,,47.09429931640625,,0.39918985962867737,,6.80548095703125,,,
72,,5349,,55.5578727722168,,0.23208782076835632,,7.373351097106934,,,
72,,5359,,64.64369201660156,,0.36246344447135925,,7.959166526794434,,,
72,,5369,,61.911197662353516,,0.31029218435287476,,7.8035078048706055,,,
72,,5379,,49.7850341796875,,0.4651618003845215,,6.999184608459473,,,
72,,5389,,41.04032516479492,,0.5375049710273743,,6.270760536193848,,,
72,,5399,,51.90871047973633,,0.39170706272125244,,7.144458770751953,,,
72,,5401,,,,,,,56.73313903808594,0.3408324122428894,7.423157215118408
72,,5401,54.81126403808594,,0.384090781211853,,7.300668239593506,,,,
,0.001,5402,,,,,,,,,
73,,5409,,45.31656265258789,,0.4585379362106323,,6.6599884033203125,,,
73,,5419,,47.07323455810547,,0.4411853551864624,,6.800561428070068,,,
73,,5429,,44.27918243408203,,0.535481333732605,,6.591184616088867,,,
73,,5439,,63.21749496459961,,0.4877007007598877,,7.820130348205566,,,
73,,5449,,49.295166015625,,0.4724660813808441,,6.9582719802856445,,,
73,,5459,,65.12841796875,,0.3064623475074768,,7.952975273132324,,,
73,,5469,,62.58034896850586,,0.4613344967365265,,7.813863277435303,,,
73,,5475,,,,,,,55.387672424316406,0.3555790185928345,7.335426330566406
73,,5475,56.415870666503906,,0.3592642545700073,,7.412319660186768,,,,
,0.001,5476,,,,,,,,,
74,,5479,,42.11332321166992,,0.48519381880760193,,6.44536018371582,,,
74,,5489,,55.77071762084961,,0.3112112283706665,,7.404595851898193,,,
74,,5499,,53.947933197021484,,0.4316861927509308,,7.246278762817383,,,
74,,5509,,45.26563262939453,,0.4612818658351898,,6.704242706298828,,,
74,,5519,,59.789608001708984,,0.27680355310440063,,7.650305271148682,,,
74,,5529,,67.2817611694336,,0.37196671962738037,,8.124367713928223,,,
74,,5539,,62.84510803222656,,0.25240325927734375,,7.8307037353515625,,,
74,,5549,,35.420101165771484,,0.49975618720054626,,5.902710914611816,,,
74,,5549,,,,,,,55.38338088989258,0.35548344254493713,7.338500499725342
74,,5549,56.000633239746094,,0.3710060119628906,,7.381465911865234,,,,
,0.001,5550,,,,,,,,,
75,,5559,,61.99445343017578,,0.14759474992752075,,7.827663898468018,,,
75,,5569,,65.83937072753906,,0.34335172176361084,,8.001232147216797,,,
75,,5579,,60.590511322021484,,0.39325839281082153,,7.674378395080566,,,
75,,5589,,76.03230285644531,,0.2937522232532501,,8.616514205932617,,,
75,,5599,,66.49554443359375,,0.28216153383255005,,8.072723388671875,,,
75,,5609,,52.47622299194336,,0.4929257333278656,,7.197195529937744,,,
75,,5619,,45.60708236694336,,0.43444767594337463,,6.713223934173584,,,
75,,5623,,,,,,,55.221099853515625,0.3583327531814575,7.326289176940918
75,,5623,56.87936019897461,,0.35915231704711914,,7.434844493865967,,,,
,0.001,5624,,,,,,,,,
76,,5629,,43.22958755493164,,0.4724288284778595,,6.520145893096924,,,
76,,5639,,67.13032531738281,,0.24477550387382507,,8.160723686218262,,,
76,,5649,,62.55511474609375,,0.36234456300735474,,7.77174186706543,,,
76,,5659,,57.963890075683594,,0.4474586844444275,,7.570287704467773,,,
76,,5669,,44.81804275512695,,0.47421836853027344,,6.626677989959717,,,
76,,5679,,41.3117561340332,,0.45635634660720825,,6.372379302978516,,,
76,,5689,,69.63360595703125,,0.32962000370025635,,8.291574478149414,,,
76,,5697,,,,,,,55.83152389526367,0.3503069579601288,7.36529016494751
76,,5697,56.7093620300293,,0.36249426007270813,,7.423196315765381,,,,
,0.001,5698,,,,,,,,,
77,,5699,,48.99905776977539,,0.4358438551425934,,6.971138954162598,,,
77,,5709,,46.9759635925293,,0.4869288206100464,,6.7764787673950195,,,
77,,5719,,58.443843841552734,,0.3997332453727722,,7.607649803161621,,,
77,,5729,,65.5028076171875,,0.37333881855010986,,8.040803909301758,,,
77,,5739,,73.61947631835938,,0.2927587330341339,,8.472145080566406,,,
77,,5749,,62.445030212402344,,0.28105905652046204,,7.770313262939453,,,
77,,5759,,72.55326080322266,,0.2789463698863983,,8.366909980773926,,,
77,,5769,,62.186607360839844,,0.1916399896144867,,7.817502975463867,,,
77,,5771,,,,,,,55.63492965698242,0.3542584776878357,7.355860233306885
77,,5771,57.909400939941406,,0.34747734665870667,,7.507061004638672,,,,
,0.001,5772,,,,,,,,,
78,,5779,,36.75249481201172,,0.47898775339126587,,5.97304630279541,,,
78,,5789,,73.5557861328125,,0.2002033293247223,,8.484460830688477,,,
78,,5799,,55.227169036865234,,0.42040377855300903,,7.352428436279297,,,
78,,5809,,67.93672943115234,,0.26357463002204895,,8.154584884643555,,,
78,,5819,,65.11883544921875,,0.3243316113948822,,7.982489585876465,,,
78,,5829,,68.93521118164062,,0.34202688932418823,,8.23321533203125,,,
78,,5839,,66.07144165039062,,0.243452250957489,,8.00048542022705,,,
78,,5845,,,,,,,55.77939987182617,0.35216495394706726,7.363192558288574
78,,5845,57.6002311706543,,0.3543834090232849,,7.479290008544922,,,,
,0.001,5846,,,,,,,,,
79,,5849,,48.18586730957031,,0.44493427872657776,,6.890839576721191,,,
79,,5859,,50.514156341552734,,0.4306929111480713,,7.05414342880249,,,
79,,5869,,56.27882385253906,,0.28685393929481506,,7.426058769226074,,,
79,,5879,,53.32627487182617,,0.48111602663993835,,7.217630863189697,,,
79,,5889,,66.15894317626953,,0.35861292481422424,,8.047500610351562,,,
79,,5899,,43.79640197753906,,0.24091923236846924,,6.559945106506348,,,
79,,5909,,55.47577667236328,,0.3241811990737915,,7.38513708114624,,,
79,,5919,,70.3611068725586,,0.40685904026031494,,8.229469299316406,,,
79,,5919,,,,,,,56.045989990234375,0.347735732793808,7.379410743713379
79,,5919,55.53036117553711,,0.3757932186126709,,7.351623058319092,,,,
,0.001,5920,,,,,,,,,
80,,5929,,45.68388366699219,,0.5086771249771118,,6.64788818359375,,,
80,,5939,,43.03615951538086,,0.39059117436408997,,6.50572395324707,,,
80,,5949,,62.28472900390625,,0.37861502170562744,,7.7881598472595215,,,
80,,5959,,69.5769271850586,,0.34823766350746155,,8.194137573242188,,,
80,,5969,,56.95693588256836,,0.1976822316646576,,7.482809066772461,,,
80,,5979,,41.120025634765625,,0.5397824048995972,,6.330089569091797,,,
80,,5989,,44.64506530761719,,0.5096895098686218,,6.659352779388428,,,
80,,5993,,,,,,,56.58481979370117,0.3420787751674652,7.411808490753174
80,,5993,55.83966827392578,,0.3706122636795044,,7.354049205780029,,,,
81,,5994,,,,,,,54.81387710571289,0.36210089921951294,7.300336837768555
